ID,Type,Race,Year,25.00,50.00,75.00,100.00,125.00,150.00,175.00,200.00,225.00,250.00,275.00,300.00,325.00,350.00,375.00,400.00,425.00,450.00,475.00,500.00
4,D,C,11.93976728,3.67,5.54,5.57,5.47,5.35,5.24,5.23,5.11,4.93,4.95,4.89,4.96,4.94,4.80,4.73,4.59,4.56,4.44,4.41,4.24
31,D,C,11.93976728,3.73,5.56,5.60,5.48,5.39,5.34,5.35,5.22,5.02,4.99,4.91,4.88,4.85,4.98,4.90,4.77,4.73,4.69,4.64,4.43
9,D,C,11.93976728,3.70,5.27,5.20,5.05,4.99,5.00,4.96,4.93,4.87,4.77,4.72,4.65,4.72,4.57,4.44,4.49,4.48,4.42,4.34,4.55
21,D,C,11.93976728,3.79,5.28,5.17,5.11,4.95,4.89,4.84,4.80,4.73,4.70,4.76,4.88,4.82,4.84,4.74,4.69,4.60,4.52,4.52,4.44
4,C,B,12.1779603,3.73,5.59,5.62,5.39,5.28,5.22,5.19,5.10,5.02,4.95,4.99,4.92,4.91,4.84,4.71,4.61,4.53,4.56,4.45,4.33
4,D,B,12.1779603,3.78,5.56,5.63,5.45,5.44,5.33,5.35,5.21,5.08,4.94,4.94,4.89,4.90,4.73,4.60,4.61,4.43,4.36,4.35,4.19
22,C,B,12.1779603,3.91,5.69,5.66,5.49,5.24,4.94,4.86,4.78,4.75,4.70,4.70,4.77,4.79,4.80,4.73,4.68,4.59,4.64,4.61,4.59
22,D,B,12.1779603,3.68,5.36,5.28,5.08,4.95,4.79,4.73,4.75,4.58,4.45,4.35,4.31,4.56,4.41,3.92,3.82,3.49,3.36,3.31,3.19
24,C,B,12.1779603,3.77,5.38,5.39,5.23,5.14,4.96,4.84,4.75,4.70,4.67,4.58,4.50,4.11,3.67,3.64,3.48,3.39,3.44,3.53,3.43
11,C,B,12.1779603,3.90,5.78,5.68,5.50,5.28,5.10,4.98,4.97,4.75,4.76,4.75,4.69,4.86,4.88,4.89,4.76,4.73,4.63,4.47,4.41
11,D,B,12.1779603,3.76,5.74,5.58,5.34,5.23,5.08,4.99,4.90,4.85,4.69,4.63,4.61,4.69,4.63,4.64,4.55,4.44,4.38,4.40,4.33
4,A,B,12.40246407,3.78,5.82,5.89,5.82,5.63,5.49,5.34,5.33,5.31,5.14,5.08,5.06,5.03,4.99,4.87,4.83,4.77,4.68,4.61,4.31
4,C,B,12.40246407,3.78,5.82,5.89,5.82,5.63,5.49,5.34,5.33,5.31,5.14,5.08,5.06,5.03,4.99,4.87,4.83,4.77,4.68,4.61,4.31
4,D,B,12.40246407,3.64,5.76,5.79,5.70,5.60,5.40,5.24,5.20,5.19,5.10,5.00,4.89,4.81,4.81,4.70,4.62,4.60,4.64,4.53,4.51
23,A,B,12.40246407,3.79,5.76,5.76,5.63,5.36,5.21,5.21,5.09,5.11,4.93,4.82,4.85,4.79,4.88,4.81,4.81,4.78,4.71,4.66,4.61
23,C,B,12.40246407,3.76,5.63,5.48,5.31,5.11,4.97,5.00,4.89,4.85,4.78,4.78,4.60,4.60,4.37,4.50,4.56,4.54,4.43,4.15,4.02
4,A,B,12.42162902,3.74,5.58,5.92,5.45,5.33,5.15,4.97,4.90,5.08,4.86,4.75,4.79,4.77,5.03,4.75,4.74,4.63,4.59,4.71,4.39
4,C,B,12.42162902,3.72,5.61,5.59,5.44,5.36,5.23,5.19,5.12,5.06,5.00,4.90,4.84,4.90,4.89,4.92,4.78,4.72,4.67,4.60,4.54
4,D,B,12.42162902,3.86,5.67,5.54,5.41,5.36,5.24,5.20,5.15,5.14,5.10,4.97,4.83,4.80,4.80,4.66,4.72,4.69,4.59,4.49,4.42
30,A,B,12.42162902,3.87,5.61,5.61,5.40,5.16,5.06,4.92,4.86,4.81,4.78,4.70,4.63,4.52,4.46,4.37,4.29,4.30,4.15,4.13,3.98
30,C,B,12.42162902,3.87,5.43,5.25,5.14,4.98,4.78,4.71,4.64,4.61,4.68,4.81,4.84,4.57,4.32,4.07,3.99,3.94,3.79,4.33,3.93
25,A,B,12.56947296,3.38,4.80,4.75,4.60,4.55,4.47,4.37,4.20,4.14,4.13,4.02,3.94,3.88,3.97,3.99,3.99,3.95,3.95,3.87,3.78
25,C,B,12.56947296,3.42,4.67,4.63,4.52,4.50,4.48,4.48,4.36,4.30,4.26,4.20,4.15,4.10,4.11,4.06,4.04,4.02,4.07,4.03,3.95
20,A,B,12.56947296,3.63,5.10,5.10,4.98,4.88,4.80,4.68,4.63,4.54,4.50,4.50,4.49,4.38,4.37,4.39,4.26,4.21,4.10,4.00,3.89
20,C,B,12.56947296,3.75,5.05,5.03,4.92,4.72,4.68,4.57,4.38,4.30,4.23,4.25,4.24,4.36,4.17,4.10,4.12,3.96,3.88,3.97,4.03
4,A,B,12.64613279,3.83,5.68,5.75,5.65,5.47,5.32,5.24,5.20,5.07,4.96,4.99,4.87,4.76,4.70,4.63,4.54,4.53,4.36,4.37,4.07
4,C,B,12.64613279,3.82,5.85,5.88,5.74,5.54,5.47,5.44,5.34,5.21,5.10,5.05,5.00,4.90,4.81,4.82,4.63,4.56,4.45,4.41,4.21
4,D,B,12.64613279,3.75,5.55,5.46,5.26,5.11,5.11,5.02,4.91,4.95,4.88,4.85,4.92,5.17,5.15,5.13,5.02,4.96,4.88,4.95,4.82
4,C,C,13.05407255,3.84,5.91,5.88,5.72,5.58,5.42,5.28,5.13,5.09,5.08,5.03,4.94,4.84,4.79,4.74,4.73,4.68,4.66,4.57,4.36
4,D,C,13.05407255,3.50,5.40,5.35,5.24,5.11,4.91,4.81,4.73,4.51,4.45,4.36,4.10,4.03,4.07,3.88,3.86,4.01,3.85,3.59,3.37
12,C,C,13.05407255,3.95,5.73,5.73,5.59,5.42,5.27,5.14,5.04,4.87,4.89,4.79,4.86,4.94,4.88,4.85,4.85,4.89,4.83,4.76,4.53
12,D,C,13.05407255,3.55,5.55,5.54,5.39,5.16,5.09,4.96,4.98,4.95,4.90,4.83,4.85,4.85,4.75,4.63,4.50,4.43,4.38,4.25,3.95
14,C,C,13.05407255,3.90,5.79,5.72,5.52,5.36,5.18,5.16,5.11,5.11,5.05,5.02,5.03,4.91,4.90,4.84,4.80,4.75,4.67,4.73,4.72
14,D,C,13.05407255,3.76,5.79,5.76,5.48,5.42,5.16,5.02,4.92,4.84,4.80,4.81,4.81,4.80,4.71,4.67,4.60,4.62,4.60,4.55,4.41
22,C,C,13.05407255,3.78,5.66,5.59,5.44,5.26,5.15,5.07,4.96,4.90,4.79,4.77,4.85,4.79,4.78,4.75,4.71,4.61,4.59,4.57,4.60
22,D,C,13.05407255,3.74,5.63,5.49,5.30,5.11,4.91,4.76,4.69,4.59,4.48,4.39,4.35,4.35,4.26,4.23,4.22,4.18,4.21,4.07,4.10
24,C,C,13.05407255,3.66,5.45,5.37,5.29,5.15,5.04,4.96,4.83,4.84,4.79,4.76,4.70,4.65,4.64,4.61,4.54,4.50,4.48,4.51,4.46
24,D,C,13.05407255,3.63,5.20,5.20,5.10,4.88,4.81,4.72,4.69,4.68,4.64,4.60,4.51,4.48,4.48,4.43,4.38,4.32,3.85,3.38,3.19
31,C,C,13.05407255,3.64,5.76,5.60,5.47,5.25,5.21,5.07,4.96,4.93,5.19,4.88,4.87,4.81,4.74,4.73,4.71,4.69,4.89,4.68,4.40
31,D,C,13.05407255,3.83,5.52,5.43,5.35,5.30,5.21,5.16,5.15,5.06,4.92,4.87,4.89,4.90,4.87,4.82,4.76,4.74,4.70,4.63,4.53
13,C,C,13.05407255,3.74,5.68,5.52,5.32,5.16,4.98,4.83,4.74,4.60,4.61,4.59,4.55,4.65,5.00,5.11,5.09,4.96,4.80,4.58,4.39
13,D,C,13.05407255,3.80,5.72,5.59,5.35,5.27,5.17,5.05,5.02,4.97,4.80,4.67,4.61,4.58,4.69,4.66,4.78,4.71,4.70,4.57,4.48
6,C,C,13.05407255,3.85,5.65,5.56,5.37,5.22,5.19,5.02,4.91,4.81,4.70,4.74,4.73,4.99,5.01,4.91,4.87,4.76,4.66,4.56,4.47
6,D,C,13.05407255,3.89,5.45,5.33,5.11,4.97,5.09,4.75,4.57,4.53,4.33,4.40,4.27,4.19,4.17,4.22,4.15,4.09,4.09,4.15,4.22
12,C,C,13.11156742,3.92,5.64,5.69,5.54,5.36,5.22,5.16,5.04,5.06,4.96,4.83,4.84,4.72,4.73,4.67,4.67,4.53,4.50,4.42,4.27
12,D,C,13.11156742,3.75,5.59,5.60,5.43,5.18,4.90,4.80,4.76,4.64,4.59,4.55,4.46,4.36,4.35,4.37,4.41,4.51,4.47,4.35,3.98
14,C,C,13.11156742,3.80,5.60,5.55,5.38,5.25,5.18,5.08,5.04,4.98,4.90,4.94,5.02,4.98,4.95,4.84,4.79,4.73,4.63,4.53,4.31
14,D,C,13.11156742,3.79,5.46,5.61,5.56,5.41,5.16,5.02,4.98,4.94,4.91,4.86,4.82,4.87,4.87,4.89,4.87,4.93,4.78,4.65,4.54
22,C,C,13.11156742,3.83,5.43,5.30,5.14,5.00,4.80,4.75,4.67,4.63,4.59,4.52,4.42,4.36,4.35,4.28,4.18,4.15,4.04,4.06,3.85
24,C,C,13.11156742,3.68,5.41,5.42,5.27,5.10,5.03,4.90,4.77,4.77,4.70,4.67,4.69,4.62,4.56,4.61,4.54,4.50,4.38,4.42,4.34
24,D,C,13.11156742,3.70,5.41,5.28,5.19,4.97,4.87,4.77,4.72,4.75,4.69,4.65,4.67,4.59,4.58,4.54,4.52,4.58,4.50,4.41,4.41
30,C,C,13.11156742,3.81,5.43,5.45,5.23,5.01,4.86,4.87,4.72,4.69,4.67,4.62,4.55,4.73,4.73,4.66,4.65,4.70,4.65,4.52,4.42
30,D,C,13.11156742,3.93,5.74,5.50,5.33,5.13,4.99,4.80,4.76,4.82,4.68,4.63,4.58,4.60,4.87,4.80,4.79,4.74,4.74,4.73,4.57
31,C,C,13.11156742,3.89,5.51,5.58,5.56,5.34,5.18,5.06,4.99,5.02,4.94,4.83,4.82,4.77,4.69,4.66,4.63,4.62,4.66,4.59,4.39
31,D,C,13.11156742,3.76,5.64,5.72,5.51,5.36,5.25,5.10,5.05,5.04,4.91,4.88,4.81,4.90,4.94,4.95,4.84,4.78,4.72,4.66,4.51
13,C,C,13.11156742,4.09,5.80,5.67,5.41,5.29,5.19,4.98,4.96,4.85,4.75,4.66,4.50,4.49,4.71,4.84,4.82,4.74,4.58,4.28,3.83
13,D,C,13.11156742,4.05,5.73,5.77,5.71,5.44,5.29,5.08,4.92,4.80,4.72,4.54,4.32,4.25,4.44,4.82,4.86,4.78,4.52,4.40,4.37
11,C,C,13.11156742,3.92,5.75,5.70,5.47,5.32,5.09,5.08,4.94,4.78,4.70,4.62,4.56,4.63,4.63,4.50,4.42,4.46,4.44,4.40,4.33
11,D,C,13.11156742,3.83,5.79,5.49,5.42,5.21,5.06,4.92,4.76,4.78,4.77,4.76,4.71,4.66,4.60,4.64,4.69,4.61,4.58,4.57,4.50
6,C,C,13.11156742,3.87,5.53,5.55,5.37,5.14,4.97,4.81,4.70,4.69,4.55,4.49,4.47,4.53,4.37,4.35,4.21,4.26,4.30,4.26,4.19
4,D,C,13.17180014,3.79,5.65,5.63,5.45,5.44,5.34,5.20,5.07,5.01,4.96,4.94,4.80,4.78,4.66,4.55,4.51,4.50,4.50,4.42,4.33
12,D,C,13.17180014,3.87,5.75,5.76,5.68,5.45,5.28,5.19,5.03,4.97,4.89,4.84,4.78,4.76,4.59,4.54,4.47,4.50,4.52,4.54,4.54
14,D,C,13.17180014,3.80,5.83,5.74,5.59,5.36,5.16,5.08,4.94,4.83,4.79,4.76,4.79,4.80,4.81,4.78,4.75,4.72,4.65,4.59,4.52
22,D,C,13.17180014,3.73,5.51,5.45,5.28,5.16,5.03,4.86,4.76,4.68,4.67,4.65,4.66,4.80,4.67,4.54,4.50,4.49,4.46,4.49,4.40
30,D,C,13.17180014,3.80,5.62,5.44,5.22,4.98,4.87,4.81,4.73,4.66,4.60,4.59,4.52,4.68,4.82,4.84,4.76,4.70,4.79,4.72,4.58
31,D,C,13.17180014,3.91,5.56,5.62,5.56,5.32,5.14,5.26,5.05,4.97,4.96,4.91,4.90,4.88,4.91,4.85,4.76,4.73,4.66,4.64,4.52
11,D,C,13.17180014,3.83,5.84,5.93,5.44,4.63,4.20,4.21,4.08,3.98,4.00,3.98,3.92,3.88,3.85,3.81,3.77,3.76,3.78,3.74,3.72
4,D,B,13.18275154,3.53,5.55,5.55,5.38,5.31,5.20,5.15,5.05,4.94,4.90,4.87,4.87,4.89,4.85,4.84,4.79,4.73,4.64,4.55,4.48
12,C,B,13.18275154,3.87,5.74,5.76,5.39,5.19,5.09,4.96,4.79,4.69,4.61,4.58,4.45,4.43,4.39,4.42,4.45,4.38,4.38,4.21,4.06
12,D,B,13.18275154,3.85,5.67,5.56,5.38,5.14,4.98,4.94,4.83,4.78,4.74,4.71,4.63,4.61,4.65,4.50,4.43,4.27,4.17,4.22,4.00
14,C,B,13.18275154,3.74,5.47,5.30,5.30,5.14,4.98,4.80,4.82,4.80,4.75,4.65,4.74,4.88,4.84,4.64,4.59,4.57,4.42,4.23,4.13
14,D,B,13.18275154,3.82,5.69,5.68,5.45,5.19,5.29,5.00,4.90,4.89,4.81,4.68,4.97,4.77,4.79,4.86,4.81,4.76,4.73,4.75,4.59
22,C,B,13.18275154,3.82,5.46,5.47,5.34,5.19,5.03,4.87,4.81,4.75,4.67,4.57,4.51,4.62,4.50,4.47,4.50,4.54,4.50,4.40,4.43
22,D,B,13.18275154,3.87,5.59,5.63,5.43,5.18,4.93,4.80,4.71,4.58,4.49,4.44,4.43,4.51,4.40,4.44,4.39,4.55,4.50,4.40,4.36
24,C,B,13.18275154,3.63,5.33,5.34,5.13,4.91,4.87,4.88,4.76,4.74,4.64,4.58,4.49,4.41,4.41,4.41,4.49,4.55,4.55,4.44,4.43
24,D,B,13.18275154,3.68,5.24,5.15,5.10,4.90,4.78,4.74,4.64,4.56,4.48,4.54,4.47,4.44,4.41,4.47,4.45,4.45,4.37,4.41,4.38
31,C,B,13.18275154,3.70,5.55,5.58,5.43,5.39,5.18,5.13,5.01,4.95,4.90,4.88,4.90,4.94,4.85,4.75,4.61,4.49,4.44,4.38,4.12
31,D,B,13.18275154,3.77,5.66,5.53,5.35,5.16,5.08,5.08,4.94,4.84,4.81,4.90,4.76,4.80,4.83,4.76,4.81,4.74,4.77,4.74,4.58
26,A,B,13.37713895,3.90,5.82,5.80,5.65,5.44,5.32,5.21,5.16,5.12,4.98,4.96,4.99,4.93,4.89,4.87,4.88,4.74,4.62,4.56,4.33
26,C,B,13.37713895,3.93,5.76,5.81,5.74,5.58,5.52,5.42,5.30,5.22,5.15,5.13,5.02,5.09,5.04,5.04,4.92,4.88,4.82,4.71,4.47
26,D,B,13.37713895,4.03,5.82,5.87,5.80,5.64,5.52,5.42,5.39,5.28,5.21,5.17,5.17,5.11,5.07,5.01,4.89,4.92,4.87,4.78,4.79
26,A,B,13.3963039,4.00,5.75,5.72,5.59,5.44,5.30,5.14,5.05,4.91,4.86,4.90,4.82,4.74,4.76,4.75,4.74,4.70,4.80,4.81,4.74
26,C,B,13.3963039,3.95,5.70,5.72,5.59,5.46,5.38,5.23,5.16,5.11,5.08,5.03,5.01,5.02,5.02,4.94,4.90,4.83,4.82,4.77,4.65
26,D,B,13.3963039,3.94,5.80,5.80,5.74,5.59,5.38,5.23,5.15,5.12,5.10,5.00,4.84,4.90,4.86,4.73,4.72,4.67,4.69,4.65,4.64
7,A,B,13.57152635,3.51,5.06,5.02,4.93,4.79,4.68,4.63,4.51,4.48,4.40,4.39,4.42,4.47,4.34,4.28,4.25,4.24,4.14,4.21,4.15
7,C,B,13.57152635,3.83,5.37,5.40,5.22,5.16,5.06,4.98,4.90,4.80,4.74,4.63,4.63,4.65,4.55,4.62,4.57,4.52,4.49,4.40,4.34
7,D,B,13.57152635,3.69,5.37,5.34,5.30,5.12,5.02,4.92,4.91,4.81,4.83,4.82,4.73,4.68,4.68,4.58,4.56,4.54,4.50,4.45,4.52
18,A,B,13.57152635,3.96,5.71,5.71,5.40,5.20,4.98,4.91,4.84,4.68,4.49,4.40,4.36,4.48,4.42,4.46,4.43,4.46,4.47,4.38,4.30
18,C,B,13.57152635,4.04,5.91,5.82,5.72,5.46,5.27,5.12,4.97,4.90,4.85,4.85,4.77,4.72,4.71,4.72,4.65,4.65,4.57,4.55,4.51
18,D,B,13.57152635,4.15,5.71,5.59,5.57,5.35,5.23,5.10,5.00,4.84,4.80,4.70,4.62,4.60,4.57,4.68,4.61,4.63,4.66,4.55,4.55
14,A,B,13.64271047,3.80,5.83,5.91,5.71,5.53,5.33,5.32,5.24,5.17,5.04,4.97,4.93,4.92,4.94,4.90,4.83,4.70,4.65,4.67,4.60
14,C,B,13.64271047,3.80,5.64,5.66,5.61,5.42,5.37,5.20,5.11,5.12,5.05,4.98,4.91,4.94,4.94,4.89,4.88,4.74,4.69,4.68,4.58
14,D,B,13.64271047,3.75,5.54,5.57,5.49,5.36,5.21,5.20,5.04,4.98,4.95,4.91,4.81,4.91,4.93,4.88,4.86,4.76,4.69,4.65,4.47
10,A,C,13.93566051,3.72,5.46,5.53,5.32,5.19,4.96,4.88,4.91,4.77,4.63,4.58,4.49,4.42,4.43,4.41,4.36,4.25,4.31,4.28,4.26
10,C,C,13.93566051,3.76,5.69,5.71,5.59,5.39,5.27,5.11,5.02,4.96,4.89,4.80,4.88,4.79,4.65,4.69,4.70,4.69,4.67,4.61,4.56
10,D,C,13.93566051,3.88,5.71,5.65,5.50,5.37,5.18,5.06,5.02,5.04,5.09,5.03,4.98,4.95,4.88,4.85,4.87,4.82,4.70,4.69,4.71
4,C,C,14.04791239,3.86,5.35,5.81,5.71,5.55,5.40,5.25,5.09,4.90,4.71,4.57,4.48,4.43,4.43,4.45,4.44,4.44,4.51,4.61,4.66
4,D,C,14.04791239,3.76,5.74,5.71,5.44,5.36,5.19,5.13,5.05,4.97,4.94,4.87,4.89,5.00,5.06,5.00,4.99,4.91,4.84,4.78,4.67
10,C,C,14.04791239,3.96,5.25,5.66,5.52,5.34,5.20,5.08,5.00,4.95,4.90,4.87,4.90,4.93,4.92,4.91,4.91,4.90,4.87,4.82,4.73
10,D,C,14.04791239,3.82,5.66,5.75,5.64,5.35,5.25,5.09,5.00,4.89,4.85,4.71,4.80,4.79,4.71,4.76,4.71,4.60,4.55,4.60,4.62
12,C,C,14.04791239,3.96,5.28,5.64,5.53,5.39,5.26,5.15,5.08,5.03,5.00,4.96,4.87,4.75,4.68,4.70,4.69,4.62,4.52,4.38,4.20
12,D,C,14.04791239,3.82,5.78,5.79,5.52,5.24,5.14,5.09,4.95,4.88,4.79,4.72,4.70,4.73,4.88,4.77,4.73,4.60,4.54,4.43,4.30
14,D,C,14.04791239,3.90,5.65,6.05,5.53,5.42,5.28,5.22,5.18,5.42,5.07,5.02,5.01,5.05,5.06,5.25,4.89,4.98,5.02,5.01,4.95
22,C,C,14.04791239,3.77,5.16,5.58,5.48,5.35,5.23,5.14,5.08,5.02,4.96,4.93,4.92,4.92,4.88,4.83,4.84,4.84,4.79,4.72,4.67
22,D,C,14.04791239,3.85,5.53,5.48,5.33,5.09,5.00,4.86,4.78,4.67,4.60,4.54,4.41,4.39,4.41,4.30,4.17,4.16,4.14,4.16,4.14
24,C,C,14.04791239,3.90,5.07,5.44,5.36,5.24,5.13,5.04,4.94,4.89,4.88,4.84,4.74,4.66,4.59,4.54,4.52,4.49,4.45,4.38,4.31
24,D,C,14.04791239,3.76,5.40,5.35,5.26,5.13,5.07,4.97,4.83,4.78,4.71,4.69,4.71,4.69,4.66,4.60,4.55,4.52,4.47,4.44,4.39
27,C,C,14.04791239,3.96,5.28,5.64,5.53,5.39,5.26,5.15,5.08,5.03,5.00,4.96,4.87,4.75,4.68,4.70,4.69,4.62,4.52,4.38,4.20
27,D,C,14.04791239,3.85,5.79,5.78,5.63,5.43,5.47,5.31,5.25,5.10,4.82,4.41,4.32,4.21,4.22,4.05,3.91,3.81,3.58,3.21,2.95
28,C,C,14.04791239,3.97,5.31,5.65,5.46,5.27,5.12,5.03,5.00,4.97,4.93,4.93,4.96,4.98,4.97,4.95,4.94,4.91,4.87,4.78,4.65
28,D,C,14.04791239,3.80,5.91,5.84,5.56,5.37,5.17,5.09,5.10,4.86,4.90,4.83,4.76,4.79,4.78,4.73,4.78,4.99,5.01,4.99,4.83
31,D,C,14.04791239,3.93,5.61,5.48,5.40,5.34,5.26,5.15,5.17,5.17,5.09,4.89,4.88,4.82,4.98,5.08,5.14,5.11,5.09,5.04,4.68
13,D,C,14.04791239,4.00,5.91,5.78,5.59,5.37,5.21,5.11,5.01,4.89,4.72,4.66,4.87,4.93,4.93,4.93,4.80,4.80,4.64,4.56,4.45
10,C,C,14.10814511,3.79,5.74,5.82,5.62,5.45,5.32,5.19,5.07,4.98,4.91,4.77,4.80,4.86,4.83,4.89,4.82,4.80,4.82,4.77,4.72
10,D,C,14.10814511,3.76,5.61,5.62,5.50,5.23,5.07,5.05,5.07,4.88,4.82,4.83,4.71,4.77,4.70,4.62,4.64,4.54,4.58,4.57,4.59
14,C,C,14.10814511,3.98,5.65,5.54,5.51,5.32,5.27,5.22,5.52,5.20,5.10,5.01,5.02,5.20,4.93,4.75,4.79,4.75,4.66,4.81,4.30
14,D,C,14.10814511,3.84,5.64,5.64,5.51,5.39,5.22,5.23,5.34,5.23,5.11,5.05,5.03,5.01,5.11,4.99,4.98,5.00,4.83,4.72,4.49
22,C,C,14.10814511,3.68,5.50,5.47,5.39,5.27,5.17,5.09,4.94,4.90,4.86,4.82,4.83,4.76,4.73,4.68,4.65,4.65,4.67,4.59,4.56
22,D,C,14.10814511,3.70,5.44,5.41,5.21,5.11,5.00,4.87,4.75,4.88,4.75,4.63,4.49,4.37,4.28,4.20,4.31,4.24,4.12,4.05,4.00
24,C,C,14.10814511,3.84,5.03,5.42,5.33,5.17,5.03,4.91,4.81,4.71,4.63,4.61,4.64,4.68,4.69,4.67,4.64,4.63,4.60,4.50,4.36
24,D,C,14.10814511,3.72,5.43,5.36,5.18,5.02,4.82,4.75,4.67,4.60,4.52,4.50,4.55,4.56,4.64,4.50,4.53,4.57,4.54,4.47,4.36
27,C,C,14.10814511,3.92,5.78,5.73,5.61,5.41,5.27,5.12,5.10,4.94,4.86,4.95,4.91,4.76,4.63,4.60,4.55,4.63,4.54,4.42,4.39
27,D,C,14.10814511,3.91,5.76,5.71,5.53,5.44,5.31,5.20,5.05,4.97,4.83,4.68,4.58,4.68,4.54,4.49,4.47,4.41,4.38,4.29,4.21
28,C,C,14.10814511,3.88,5.70,5.66,5.45,5.34,5.10,5.13,5.06,5.00,4.94,4.93,4.87,4.85,4.81,4.72,4.74,4.65,4.50,4.45,4.28
28,D,C,14.10814511,3.88,5.61,5.50,5.35,5.13,5.03,4.98,4.97,4.92,4.88,4.78,4.71,4.79,4.86,4.83,4.76,4.74,4.68,4.58,4.47
31,C,C,14.10814511,3.78,5.71,5.79,5.72,5.44,5.29,5.29,5.22,5.06,5.05,4.96,4.92,4.86,4.83,4.76,4.74,4.78,4.76,4.68,4.54
31,D,C,14.10814511,3.81,5.63,5.46,5.42,5.20,5.14,5.10,5.05,5.16,5.04,5.07,4.96,5.02,4.97,4.83,4.90,4.92,4.82,4.75,4.69
10,C,B,14.17932923,3.86,5.81,5.80,5.70,5.60,5.42,5.20,5.11,4.95,4.93,4.92,4.91,4.98,5.02,5.00,4.96,4.93,4.84,4.73,4.74
10,D,B,14.17932923,3.80,5.55,5.64,5.46,5.41,5.24,5.11,4.99,4.92,4.92,4.92,4.87,4.94,4.87,4.81,4.81,4.76,4.81,4.72,4.57
12,C,B,14.17932923,3.87,6.03,6.09,5.88,5.74,5.56,5.44,5.27,5.18,5.09,5.11,5.05,5.05,5.03,4.99,4.86,4.76,4.70,4.58,4.51
12,D,B,14.17932923,3.87,5.69,5.68,5.55,5.45,5.26,5.12,4.96,4.95,4.89,4.85,4.82,4.87,4.77,4.65,4.62,4.56,4.60,4.62,4.53
14,C,B,14.17932923,3.89,5.77,5.79,6.00,5.57,5.46,5.43,5.38,5.33,5.55,5.22,5.23,5.19,5.13,5.11,5.00,4.98,4.90,4.76,4.30
14,D,B,14.17932923,3.83,5.69,5.70,5.61,5.52,5.34,5.29,5.27,5.30,5.24,5.27,5.23,5.21,5.12,5.03,4.98,4.91,4.83,4.73,4.57
22,C,B,14.17932923,3.75,5.54,5.48,5.28,5.13,5.00,4.94,4.85,4.83,4.79,4.84,5.02,5.02,5.02,4.82,4.83,4.88,4.76,4.74,4.71
22,D,B,14.17932923,3.80,5.61,5.64,5.51,5.32,5.15,4.96,4.92,4.86,4.92,4.90,4.93,4.88,4.73,4.67,4.68,4.60,4.57,4.57,4.55
24,C,B,14.17932923,3.59,5.48,5.58,5.48,5.32,5.19,5.12,5.01,4.95,4.85,4.82,4.79,4.82,4.77,4.70,4.74,4.66,4.51,4.30,3.94
24,D,B,14.17932923,3.76,5.46,5.48,5.33,5.14,5.05,4.94,4.89,4.87,4.84,4.81,4.75,4.72,4.62,4.57,4.46,4.33,4.26,4.26,4.22
27,C,B,14.17932923,4.07,6.14,6.14,5.92,5.79,5.60,5.46,5.32,5.19,5.13,5.07,4.93,4.99,5.02,4.94,4.87,4.84,4.84,4.74,4.63
27,D,B,14.17932923,3.96,5.98,5.94,5.74,5.59,5.46,5.41,5.25,5.19,5.13,4.98,4.91,4.82,4.75,4.60,4.45,4.24,4.08,4.06,3.99
28,C,B,14.17932923,3.95,6.07,6.00,5.87,5.79,5.56,5.41,5.32,5.24,5.23,5.06,5.03,5.07,5.08,5.00,4.92,4.83,4.73,4.65,4.55
28,D,B,14.17932923,3.87,5.77,5.69,5.46,5.35,5.23,5.16,5.04,5.01,4.98,5.03,5.05,5.02,5.07,4.95,4.91,4.83,4.79,4.72,4.69
30,C,B,14.17932923,3.90,5.80,5.70,5.53,5.33,5.15,5.06,5.06,5.01,4.95,4.89,4.89,5.03,5.24,5.20,5.10,4.96,4.94,4.91,4.80
30,D,B,14.17932923,3.92,5.64,5.53,5.33,5.13,4.98,4.90,4.85,4.77,4.73,4.70,4.62,4.73,4.81,4.73,4.69,4.51,4.51,4.48,4.45
31,C,B,14.17932923,3.88,5.78,5.68,5.58,5.58,5.41,5.29,5.26,5.24,5.18,5.16,5.13,5.08,4.99,4.95,4.92,4.98,4.90,4.89,4.75
31,D,B,14.17932923,3.83,5.62,5.64,5.59,5.37,5.29,5.28,5.22,5.22,5.12,5.13,5.12,5.01,4.93,4.95,4.86,4.75,4.66,4.60,4.50
27,A,B,14.39014374,3.98,5.77,5.70,5.47,5.32,5.19,5.18,5.05,4.99,4.90,4.89,4.89,4.85,4.80,4.74,4.68,4.62,4.55,4.51,4.35
27,C,B,14.39014374,3.99,5.80,5.77,5.57,5.44,5.35,5.22,5.11,5.02,4.95,4.95,4.98,4.99,4.95,4.87,4.85,4.76,4.64,4.60,4.52
27,D,B,14.39014374,3.99,5.73,5.61,5.47,5.26,5.10,5.13,5.02,4.88,5.01,5.07,5.04,4.94,5.07,5.01,4.95,4.83,4.75,4.66,4.52
13,A,B,14.39014374,4.09,6.13,5.65,5.52,5.36,5.25,5.13,5.01,5.01,5.01,4.87,4.85,4.83,4.80,4.76,4.75,4.77,4.67,4.62,4.44
13,C,B,14.39014374,3.92,5.74,5.57,5.39,5.25,5.06,5.00,4.88,4.90,4.84,4.79,4.69,4.70,4.85,4.89,4.81,4.86,4.83,4.81,4.74
13,D,B,14.39014374,3.96,5.88,5.84,5.73,5.52,5.35,5.25,5.22,5.14,4.98,4.82,4.78,4.66,4.73,4.77,4.72,4.75,4.70,4.55,4.32
22,A,B,14.40930869,3.70,5.32,5.27,5.08,4.98,4.92,4.81,4.74,4.71,4.51,4.40,4.38,4.49,4.43,4.54,4.51,4.55,4.57,4.62,4.53
13,A,B,14.40930869,4.06,5.74,5.52,5.45,5.26,5.17,5.05,5.02,4.89,4.75,4.94,4.72,4.60,4.80,4.91,4.91,4.93,4.75,4.65,4.49
13,C,B,14.40930869,3.66,5.51,5.32,5.24,5.08,5.02,5.00,5.00,4.86,4.73,4.75,4.68,4.68,4.87,4.95,5.00,4.85,4.79,4.71,4.48
13,D,B,14.40930869,4.16,6.02,5.80,5.60,5.38,5.25,5.16,4.99,4.97,4.88,4.85,4.84,4.83,4.89,5.29,4.98,5.16,5.05,4.93,4.79
19,A,B,14.58726899,3.60,5.11,4.98,4.83,4.70,4.53,4.37,4.26,4.10,4.05,4.07,3.94,3.96,3.96,3.89,3.87,3.93,3.89,3.83,3.93
19,C,B,14.58726899,3.45,5.44,5.49,5.15,5.04,4.96,4.89,4.83,4.71,4.64,4.64,4.56,4.57,4.65,4.48,4.50,4.36,4.29,4.14,4.12
19,D,B,14.58726899,3.49,4.96,4.95,4.87,4.60,4.45,4.33,4.38,4.27,4.11,4.10,4.27,4.20,4.23,4.29,4.19,4.06,3.96,4.05,3.96
14,A,B,14.61190965,3.99,5.77,5.70,5.56,5.40,5.30,5.21,5.20,5.06,5.06,4.98,4.97,5.01,5.02,5.02,5.02,4.94,4.83,4.75,4.52
14,C,B,14.61190965,4.00,6.03,6.04,5.87,5.80,5.65,5.48,5.47,5.34,5.41,5.27,5.17,5.15,5.19,5.11,5.03,4.95,5.00,4.84,4.66
14,D,B,14.61190965,4.01,5.86,5.92,5.79,5.67,5.60,5.54,5.40,5.32,5.19,5.23,5.34,5.27,5.29,5.19,5.14,5.04,5.02,4.85,4.69
10,C,C,14.93223819,3.49,4.93,5.03,4.73,4.63,4.50,4.49,4.29,4.18,4.04,4.12,4.23,4.26,4.31,4.38,4.20,4.13,3.95,3.89,3.82
10,D,C,14.93223819,3.12,5.10,5.18,5.08,4.82,4.68,4.68,4.48,4.48,4.40,4.57,4.58,4.55,4.54,4.49,4.49,4.33,4.37,4.32,4.36
10,C,C,15.04722793,3.64,5.32,5.38,5.19,5.03,4.88,4.79,4.68,4.61,4.57,4.54,4.48,4.68,4.75,4.73,4.78,4.68,4.64,4.62,4.55
10,D,C,15.04722793,3.80,5.64,5.67,5.56,5.39,5.29,5.14,5.10,5.00,4.84,4.85,4.77,4.79,4.73,4.64,4.62,4.62,4.59,4.60,4.46
12,C,C,15.04722793,3.90,5.56,5.56,5.35,5.17,5.07,4.83,4.82,4.73,4.66,4.72,4.68,4.62,4.49,4.47,4.45,4.32,4.32,4.22,4.00
12,D,C,15.04722793,3.83,5.61,5.58,5.35,5.20,5.10,4.98,4.94,4.83,4.82,4.81,4.70,4.67,4.55,4.43,4.32,4.23,4.17,3.99,3.72
14,D,C,15.04722793,3.75,5.49,5.46,5.37,5.23,5.21,5.25,5.21,5.18,5.17,5.18,5.15,5.13,5.06,4.99,4.85,4.70,4.50,4.35,4.12
27,C,C,15.04722793,3.98,5.81,5.67,5.47,5.27,5.14,4.97,4.87,4.77,4.67,4.77,4.74,4.71,4.61,4.56,4.55,4.52,4.36,4.13,3.63
27,D,C,15.04722793,3.89,5.71,5.57,5.28,5.03,4.92,4.79,4.62,4.45,4.36,4.24,4.08,3.97,3.85,3.59,3.57,3.50,3.37,3.36,3.25
28,D,C,15.04722793,3.90,5.82,5.76,5.55,5.36,5.27,5.17,5.07,5.06,4.97,5.00,5.09,5.06,4.97,5.02,4.96,4.95,4.87,4.85,4.76
30,C,C,15.04722793,3.67,5.34,5.19,4.96,4.81,4.78,4.60,4.56,4.51,4.48,4.45,4.48,4.70,4.72,4.73,4.76,4.65,4.62,4.50,4.47
30,D,C,15.04722793,3.33,5.56,5.53,5.39,5.20,5.08,4.98,4.91,4.81,4.74,4.74,4.69,4.66,4.65,4.58,4.53,4.50,4.44,4.47,4.49
31,D,C,15.04722793,3.75,5.59,5.55,5.46,5.40,5.52,5.24,5.18,5.14,5.02,4.96,5.31,5.02,5.05,4.98,4.98,4.96,5.09,4.78,4.66
1,A,C,15.12388775,3.94,5.76,5.66,5.60,5.39,5.14,4.92,4.84,4.75,4.70,4.65,4.60,4.52,4.40,4.30,4.20,4.20,4.27,4.43,4.17
1,C,C,15.12388775,4.01,5.75,5.49,5.24,5.19,5.07,4.99,4.94,4.79,4.81,4.70,4.74,4.75,4.85,4.78,4.59,4.47,4.65,4.61,4.40
1,D,C,15.12388775,3.91,5.60,5.42,5.26,5.06,4.96,4.93,4.90,4.76,4.74,4.87,4.79,4.70,4.75,4.68,4.60,4.66,4.57,4.52,4.52
10,A,C,15.12388775,3.58,5.77,5.89,5.67,5.60,5.47,5.33,5.14,5.04,4.98,4.94,4.95,4.97,4.89,4.93,4.77,4.79,4.79,4.77,4.61
10,C,C,15.12388775,3.88,5.64,5.79,5.71,5.52,5.40,5.31,5.08,5.10,5.03,5.01,4.96,5.04,5.01,4.95,5.04,5.03,4.95,4.87,4.80
10,D,C,15.12388775,3.86,5.72,5.85,5.60,5.49,5.38,5.17,5.12,5.04,4.87,4.82,4.77,4.90,4.89,4.81,4.69,4.69,4.53,4.53,4.37
12,A,C,15.12388775,3.87,5.77,5.69,5.59,5.45,5.18,5.12,4.98,4.91,4.83,4.79,4.89,4.90,4.73,4.57,4.40,4.28,4.18,4.16,3.95
12,C,C,15.12388775,3.88,5.76,5.78,5.60,5.39,5.31,5.16,5.17,5.06,5.03,4.97,4.92,4.94,4.95,4.93,4.95,4.95,4.78,4.74,4.51
12,D,C,15.12388775,3.90,5.69,5.72,5.60,5.46,5.31,5.20,5.10,5.04,4.99,4.99,4.91,4.85,4.76,4.75,4.74,4.70,4.59,4.50,4.37
14,A,C,15.12388775,3.87,5.64,5.57,5.45,5.37,5.29,5.18,5.21,5.19,5.18,5.18,5.10,5.15,5.12,5.08,5.18,5.17,4.93,4.73,4.20
14,C,C,15.12388775,3.83,5.58,5.57,5.55,5.41,5.31,5.21,5.22,5.15,5.18,5.21,5.21,5.11,5.15,5.04,4.96,4.91,4.74,4.68,4.34
14,D,C,15.12388775,3.81,5.66,5.68,5.60,5.44,5.23,5.21,5.13,5.14,5.20,5.15,5.13,5.12,5.16,5.14,5.09,5.08,4.96,4.84,4.71
27,A,C,15.12388775,3.97,5.81,5.73,5.52,5.26,5.07,4.88,4.80,4.81,4.77,4.76,4.80,4.75,4.79,4.85,4.78,4.66,4.47,4.36,4.16
27,C,C,15.12388775,3.95,5.92,5.80,5.78,5.62,5.50,5.29,5.16,5.02,4.95,4.88,4.86,4.80,4.82,4.73,4.64,4.48,4.47,4.41,4.36
27,D,C,15.12388775,3.91,5.92,5.93,5.74,5.53,5.39,5.23,5.13,4.98,4.92,4.81,4.96,4.97,4.99,4.93,4.91,4.80,4.73,4.61,4.46
28,A,C,15.12388775,4.04,5.91,5.93,5.76,5.56,5.45,5.28,5.20,5.15,4.99,4.96,4.98,5.02,4.95,4.82,4.71,4.60,4.45,4.31,4.22
28,C,C,15.12388775,3.99,5.94,5.94,5.82,5.60,5.46,5.31,5.25,5.15,5.08,5.02,5.01,5.09,4.98,4.95,4.94,5.00,4.95,4.91,4.81
28,D,C,15.12388775,3.85,5.85,5.90,5.72,5.53,5.39,5.25,5.12,5.07,5.01,4.94,4.91,4.95,4.99,5.05,5.10,5.05,4.97,4.81,4.68
29,A,C,15.12388775,3.86,5.53,5.56,5.40,5.25,5.25,5.07,4.96,4.80,4.64,4.50,4.60,4.60,4.57,4.45,4.45,4.47,4.35,4.27,4.11
29,D,C,15.12388775,3.83,5.71,5.66,5.46,5.21,5.16,4.87,4.92,4.93,4.81,4.68,4.62,4.64,4.67,4.63,4.47,4.35,4.27,4.20,4.08
31,A,C,15.12388775,3.73,5.30,5.25,5.20,5.17,5.08,5.03,4.93,4.89,4.92,4.80,4.72,4.55,4.47,4.39,4.45,4.48,4.44,4.40,4.38
31,C,C,15.12388775,3.73,5.65,5.64,5.62,5.57,5.46,5.33,5.28,5.20,5.10,5.02,5.03,5.03,5.06,5.03,5.00,4.96,4.99,4.87,4.79
31,D,C,15.12388775,3.91,5.67,5.68,5.48,5.44,5.39,5.24,5.16,5.15,5.13,5.10,5.04,5.02,5.03,4.98,5.02,5.02,4.94,4.85,4.73
4,A,B,15.19507187,3.80,5.68,5.77,5.59,5.43,5.27,5.20,5.10,5.07,4.95,4.94,4.82,4.77,4.73,4.63,4.62,4.59,4.68,4.61,4.47
4,C,B,15.19507187,3.52,5.05,5.52,5.45,5.37,5.29,5.19,5.10,5.02,4.97,4.94,4.93,4.88,4.80,4.72,4.65,4.58,4.47,4.39,4.37
4,D,B,15.19507187,3.73,5.26,5.75,5.63,5.48,5.36,5.22,5.10,4.96,4.77,4.58,4.44,4.33,4.27,4.20,4.14,4.09,4.03,3.98,3.94
10,A,B,15.19507187,3.86,5.78,5.80,5.65,5.51,5.44,5.22,5.12,5.00,4.90,4.84,4.80,4.89,4.88,4.81,4.89,4.83,4.78,4.77,4.70
10,C,B,15.19507187,3.78,5.15,5.64,5.62,5.50,5.33,5.17,5.08,5.01,4.94,4.87,4.85,4.86,4.85,4.83,4.79,4.74,4.65,4.55,4.53
10,D,B,15.19507187,3.67,5.08,5.51,5.44,5.34,5.23,5.12,5.02,4.92,4.82,4.75,4.77,4.82,4.79,4.72,4.66,4.65,4.63,4.57,4.51
12,A,B,15.19507187,3.92,5.95,5.98,5.85,5.70,5.51,5.36,5.26,5.19,5.03,4.95,4.88,5.02,5.03,4.92,4.88,4.89,4.80,4.79,4.60
12,C,B,15.19507187,3.82,5.15,5.60,5.59,5.52,5.38,5.25,5.12,5.00,4.95,4.91,4.89,4.90,4.90,4.89,4.84,4.78,4.70,4.59,4.48
12,D,B,15.19507187,3.84,5.23,5.61,5.44,5.25,5.12,5.03,4.90,4.77,4.66,4.59,4.54,4.53,4.57,4.59,4.58,4.57,4.46,4.26,3.98
14,A,B,15.19507187,3.71,5.30,5.28,5.18,5.02,5.30,4.93,4.90,4.93,4.86,4.94,5.27,4.91,4.97,5.03,5.02,5.16,4.78,4.81,4.63
14,C,B,15.19507187,3.69,5.14,5.62,5.60,5.49,5.34,5.25,5.17,5.09,5.01,4.92,4.91,4.95,4.92,4.83,4.76,4.71,4.65,4.60,4.59
14,D,B,15.19507187,3.78,5.14,5.52,5.40,5.29,5.22,5.14,5.11,5.14,5.13,5.07,5.03,5.03,4.98,4.91,4.89,4.84,4.75,4.65,4.56
27,A,B,15.19507187,3.99,5.90,5.98,5.78,5.53,5.42,5.31,5.13,5.07,4.99,4.87,4.91,4.81,4.78,4.74,4.59,4.50,4.45,4.31,4.16
27,C,B,15.19507187,3.92,5.31,5.79,5.72,5.54,5.36,5.21,5.12,5.07,5.02,4.95,4.87,4.76,4.62,4.48,4.41,4.42,4.42,4.35,4.32
27,D,B,15.19507187,3.98,5.44,5.89,5.76,5.60,5.45,5.27,5.12,5.04,5.01,4.96,4.89,4.80,4.68,4.57,4.49,4.41,4.32,4.24,4.20
28,A,B,15.19507187,3.80,5.79,5.79,5.68,5.45,5.32,5.25,5.13,5.02,4.99,4.94,4.96,4.96,4.78,4.68,4.64,4.56,4.62,4.57,4.36
28,C,B,15.19507187,4.01,5.28,5.74,5.73,5.59,5.40,5.27,5.19,5.12,5.04,4.97,4.95,4.93,4.85,4.80,4.77,4.71,4.66,4.55,4.37
28,D,B,15.19507187,3.99,5.27,5.64,5.52,5.38,5.25,5.16,5.10,5.02,4.94,4.90,4.91,4.93,4.93,4.92,4.88,4.80,4.74,4.69,4.61
29,A,B,15.19507187,3.81,5.14,5.58,5.52,5.39,5.21,5.02,4.88,4.80,4.77,4.70,4.64,4.60,4.52,4.46,4.45,4.40,4.27,4.11,3.97
30,A,B,15.19507187,3.87,5.60,5.67,5.25,5.11,4.96,5.03,4.93,4.82,4.80,4.73,4.68,4.79,4.96,4.98,4.79,4.82,4.84,4.75,4.58
30,C,B,15.19507187,3.59,4.94,5.27,5.14,5.03,4.93,4.86,4.78,4.67,4.56,4.47,4.47,4.44,4.34,4.30,4.28,4.23,4.17,4.14,4.09
31,A,B,15.19507187,3.92,5.95,5.98,5.85,5.70,5.51,5.36,5.26,5.19,5.03,4.95,4.88,5.02,5.03,4.92,4.88,4.89,4.80,4.79,4.60
31,C,B,15.19507187,3.89,5.12,5.51,5.43,5.26,5.11,5.01,4.92,4.88,4.86,4.84,4.85,4.85,4.82,4.79,4.79,4.76,4.65,4.54,4.51
31,D,B,15.19507187,3.83,5.11,5.50,5.41,5.31,5.27,5.23,5.16,5.06,4.99,4.93,4.89,4.91,4.95,4.94,4.89,4.82,4.76,4.67,4.48
12,D,C,16.09856263,3.80,5.37,5.21,4.98,4.80,4.64,4.55,4.46,4.33,4.22,4.10,4.05,3.97,4.01,3.96,3.89,3.90,4.09,4.25,4.00
14,D,C,16.09856263,3.76,5.51,5.38,5.16,4.99,4.92,4.85,4.81,4.81,4.84,4.80,4.81,4.84,4.98,4.96,5.03,4.95,4.93,4.94,4.84
15,D,C,16.09856263,3.46,4.89,4.75,4.57,4.42,4.55,4.54,4.61,4.34,4.25,4.27,4.28,4.25,4.13,4.19,4.41,4.52,4.50,4.41,4.38
22,A,C,16.09856263,3.72,4.81,5.11,5.04,4.97,4.84,4.75,4.73,4.71,4.68,4.63,4.58,4.53,4.50,4.54,4.62,4.58,4.49,4.41,4.27
22,D,C,16.09856263,3.65,5.31,5.17,4.89,4.72,4.66,4.52,4.54,4.49,4.48,4.37,4.36,4.40,4.36,4.30,4.33,4.32,4.20,4.34,4.18
27,D,C,16.09856263,3.83,5.60,5.28,5.05,4.95,4.78,4.67,4.70,4.52,4.42,4.48,4.59,4.71,4.76,4.65,4.56,4.45,4.38,4.30,4.17
28,D,C,16.09856263,3.84,5.50,5.42,5.12,4.98,4.99,4.92,4.82,4.78,4.69,4.69,4.67,4.83,4.96,5.01,5.04,5.07,4.99,4.98,4.92
29,D,C,16.09856263,3.76,5.45,5.35,5.17,5.01,4.80,4.78,4.72,4.63,4.53,4.45,4.45,4.49,4.40,4.33,4.31,4.41,4.36,4.20,4.23
31,D,C,16.09856263,3.57,5.71,5.24,5.06,4.93,4.89,4.77,5.03,4.74,4.73,4.66,4.61,4.74,5.05,4.70,4.73,4.68,4.71,4.87,4.55
14,A,C,16.38329911,3.61,5.07,4.90,4.84,4.69,4.68,4.62,4.42,4.37,4.33,4.31,4.45,4.30,4.16,4.05,4.11,4.01,3.98,4.00,4.27
14,D,C,16.38329911,3.69,5.02,5.41,5.29,5.19,5.11,5.02,4.93,4.84,4.78,4.78,4.84,4.93,4.91,4.81,4.74,4.67,4.55,4.33,3.99
28,A,C,16.38329911,3.46,4.97,4.96,4.91,4.66,4.54,4.56,4.62,4.59,4.46,4.43,4.42,4.41,4.24,4.10,4.09,3.97,3.90,3.84,3.62
28,D,C,16.38329911,3.61,4.97,5.40,5.30,5.15,5.04,4.97,4.90,4.80,4.73,4.73,4.74,4.76,4.76,4.71,4.62,4.47,4.34,4.25,4.15
2,A,C,17.12799452,3.85,5.17,5.54,5.43,5.32,5.20,5.10,5.04,4.97,4.90,4.85,4.79,4.75,4.72,4.64,4.53,4.48,4.46,4.38,4.18
2,C,C,17.12799452,3.91,5.19,5.56,5.42,5.23,5.09,5.01,4.93,4.85,4.77,4.72,4.69,4.68,4.65,4.62,4.60,4.57,4.52,4.48,4.39
2,D,C,17.12799452,3.96,5.19,5.52,5.39,5.26,5.13,5.05,4.99,4.90,4.82,4.79,4.77,4.75,4.76,4.76,4.73,4.67,4.62,4.56,4.47
12,A,C,17.12799452,3.92,5.38,5.88,5.82,5.68,5.53,5.39,5.24,5.11,5.01,4.93,4.86,4.79,4.68,4.58,4.54,4.51,4.43,4.32,4.18
12,D,C,17.12799452,3.95,5.30,5.74,5.63,5.45,5.30,5.19,5.08,4.98,4.92,4.85,4.79,4.76,4.73,4.69,4.64,4.57,4.49,4.40,4.29
14,A,C,17.12799452,3.86,5.25,5.66,5.49,5.25,5.06,4.93,4.86,4.81,4.74,4.67,4.65,4.67,4.65,4.63,4.60,4.54,4.46,4.37,4.25
14,D,C,17.12799452,3.84,5.23,5.64,5.53,5.42,5.33,5.23,5.14,5.08,5.06,5.09,5.09,5.07,5.10,5.16,5.14,5.01,4.89,4.79,4.66
3,D,C,17.27857632,4.05,5.20,5.51,5.36,5.22,5.15,5.12,5.10,5.07,5.01,4.99,4.98,4.93,4.82,4.71,4.62,4.55,4.52,4.44,4.34
16,D,C,17.27857632,4.04,5.28,5.66,5.57,5.43,5.32,5.26,5.22,5.15,5.04,4.93,4.85,4.80,4.75,4.70,4.63,4.55,4.47,4.41,4.33
29,D,C,17.27857632,4.07,5.40,5.83,5.77,5.67,5.54,5.40,5.28,5.21,5.13,5.02,4.91,4.85,4.81,4.75,4.66,4.58,4.49,4.39,4.24
5,C,B,17.3744011,3.36,4.70,5.10,4.96,4.80,4.70,4.66,4.61,4.49,4.39,4.35,4.32,4.25,4.16,4.04,3.92,3.85,3.83,3.82,3.77
5,D,B,17.3744011,3.61,4.78,5.13,5.03,4.86,4.72,4.63,4.53,4.40,4.29,4.21,4.15,4.11,4.12,4.16,4.14,4.08,3.99,3.91,3.86
7,D,B,17.3744011,3.59,4.77,5.08,4.97,4.85,4.75,4.66,4.58,4.54,4.50,4.48,4.47,4.45,4.40,4.36,4.35,4.35,4.33,4.30,4.28
8,D,B,17.3744011,3.76,5.09,5.47,5.30,5.11,4.96,4.84,4.76,4.67,4.58,4.53,4.49,4.43,4.33,4.24,4.20,4.17,4.15,4.14,4.16
15,C,B,17.3744011,3.43,4.40,4.62,4.49,4.41,4.40,4.39,4.36,4.35,4.28,4.24,4.24,4.23,4.22,4.23,4.23,4.15,4.10,4.11,4.10
15,D,B,17.3744011,3.58,4.51,4.66,4.49,4.41,4.36,4.36,4.37,4.29,4.18,4.11,4.06,4.04,4.06,4.03,3.96,3.95,3.97,3.96,3.91
17,D,B,17.3744011,3.81,5.13,5.50,5.32,5.12,4.98,4.88,4.82,4.81,4.81,4.78,4.73,4.68,4.63,4.59,4.55,4.47,4.37,4.28,4.21
1,A,B,17.3853525,4.13,5.46,5.81,5.64,5.42,5.21,5.07,4.99,4.91,4.83,4.76,4.67,4.59,4.60,4.70,4.73,4.62,4.56,4.58,4.57
1,C,B,17.3853525,4.11,5.40,5.73,5.49,5.21,5.02,4.95,4.90,4.83,4.76,4.72,4.70,4.80,4.94,5.00,4.96,4.87,4.78,4.69,4.63
1,D,B,17.3853525,4.11,5.44,5.75,5.59,5.44,5.25,5.09,4.95,4.82,4.71,4.63,4.54,4.48,4.55,4.65,4.61,4.50,4.37,4.23,4.05
16,A,B,17.3853525,3.91,5.32,5.74,5.61,5.46,5.34,5.27,5.22,5.17,5.10,5.04,4.99,4.93,4.85,4.78,4.72,4.70,4.69,4.66,4.63
16,C,B,17.3853525,3.93,5.30,5.71,5.58,5.43,5.32,5.24,5.19,5.13,5.05,4.98,4.92,4.87,4.80,4.72,4.65,4.59,4.51,4.41,4.32
16,D,B,17.3853525,3.87,5.18,5.58,5.47,5.31,5.16,5.04,4.93,4.84,4.78,4.75,4.77,4.78,4.75,4.74,4.73,4.67,4.62,4.56,4.41
10,A,B,17.40451745,4.00,5.28,5.68,5.53,5.37,5.30,5.24,5.16,5.11,5.03,4.93,4.86,4.83,4.82,4.77,4.67,4.64,4.63,4.57,4.47
10,C,B,17.40451745,3.94,5.35,5.78,5.68,5.57,5.46,5.35,5.24,5.15,5.10,5.05,5.05,5.09,5.06,5.00,4.95,4.92,4.91,4.86,4.76
10,D,B,17.40451745,4.07,5.41,5.78,5.61,5.43,5.28,5.18,5.10,5.05,5.04,5.06,5.08,5.08,5.01,4.92,4.86,4.82,4.79,4.74,4.67
28,A,B,17.40451745,3.76,5.08,5.43,5.30,5.19,5.11,5.01,4.93,4.84,4.75,4.69,4.64,4.59,4.55,4.50,4.44,4.33,4.17,3.94,3.57
28,C,B,17.40451745,3.91,5.35,5.81,5.73,5.62,5.53,5.45,5.35,5.24,5.16,5.14,5.14,5.11,5.03,4.96,4.90,4.84,4.80,4.73,4.63
28,D,B,17.40451745,3.81,5.21,5.62,5.50,5.33,5.20,5.11,5.03,4.94,4.87,4.84,4.85,4.92,4.97,4.97,4.98,5.01,5.02,4.95,4.85
28,A,B,17.58521561,3.96,5.41,5.82,5.68,5.49,5.29,5.18,5.13,5.04,4.93,4.86,4.81,4.76,4.70,4.66,4.59,4.49,4.33,4.17,4.11
28,C,B,17.58521561,3.88,5.29,5.71,5.60,5.47,5.34,5.23,5.18,5.14,5.05,4.96,4.90,4.86,4.82,4.76,4.67,4.57,4.47,4.40,4.38
28,D,B,17.58521561,3.92,5.22,5.58,5.41,5.24,5.14,5.09,5.02,4.91,4.83,4.80,4.73,4.65,4.63,4.64,4.67,4.71,4.68,4.61,4.50
14,A,B,17.67282683,3.94,5.81,5.77,5.64,5.43,5.32,5.17,5.14,5.02,5.05,5.22,5.23,5.25,5.24,5.17,5.14,5.04,4.95,4.82,4.53
14,C,B,17.67282683,3.88,5.69,5.65,5.51,5.31,5.18,5.09,5.07,5.09,5.08,5.07,5.02,5.04,5.00,5.04,4.95,4.79,4.71,4.71,4.73
14,D,B,17.67282683,3.97,5.85,5.79,5.67,5.46,5.37,5.34,5.23,5.24,5.23,5.18,5.11,5.19,5.14,5.04,4.92,4.88,4.73,4.58,4.47
32,D,C,14.08898015,3.82,5.40,5.46,5.24,5.10,4.93,4.87,4.76,4.58,4.64,4.51,4.52,4.60,4.56,4.55,4.58,4.44,4.44,4.47,4.29
35,D,C,14.08898015,3.98,5.57,5.45,5.15,5.05,4.93,4.77,4.73,4.60,4.63,4.50,4.45,4.51,4.46,4.43,4.40,4.24,4.33,4.29,4.21
2,D,C,14.08898015,3.69,5.27,5.25,5.06,4.81,4.79,4.80,4.58,4.53,4.42,4.27,4.46,4.55,4.49,4.62,4.66,4.56,4.56,4.56,4.51
34,D,C,14.08898015,3.78,5.35,5.23,5.02,4.82,4.74,4.61,4.46,4.32,4.31,4.16,4.30,4.40,4.22,4.26,4.30,4.24,4.23,4.16,4.14
33,D,C,14.08898015,3.93,5.49,5.38,5.19,5.03,4.86,4.63,4.36,4.28,4.28,4.31,4.30,4.14,4.16,4.12,4.04,4.04,4.05,4.04,3.90
36,D,C,13.9137577,4.08,5.87,5.91,5.71,5.33,5.21,5.09,5.07,5.01,4.92,4.88,4.86,4.82,4.86,4.83,4.81,4.74,4.69,4.63,4.50
32,D,C,13.9137577,3.80,5.46,5.42,5.29,5.17,5.24,5.17,5.04,5.08,5.00,4.95,4.94,4.86,4.92,4.93,4.84,4.77,4.63,4.62,4.45
35,D,C,13.9137577,3.82,5.55,5.53,5.30,5.07,5.09,5.00,4.90,4.88,4.87,4.77,4.80,4.68,4.68,4.59,4.54,4.51,4.51,4.41,4.37
2,D,C,13.9137577,3.59,5.25,5.26,5.05,4.96,4.94,4.93,4.90,5.00,4.83,4.81,4.76,4.78,4.74,4.70,4.60,4.65,4.53,4.48,4.40
37,D,C,13.9137577,3.97,5.55,5.52,5.47,5.19,5.06,4.87,4.74,4.71,4.69,4.61,4.50,4.46,4.42,4.47,4.32,4.29,4.29,4.39,4.35
33,D,C,13.9137577,3.93,5.57,5.62,5.51,5.23,4.89,4.83,4.67,4.62,4.49,4.45,4.41,4.34,4.33,4.40,4.38,4.31,4.17,4.15,4.11
34,D,C,13.9137577,3.84,5.36,5.28,5.04,4.91,4.84,4.74,4.74,4.60,4.52,4.43,4.42,4.48,4.47,4.42,4.44,4.39,4.34,4.27,4.22
36,A,C,14.04791239,3.63,4.79,4.56,4.64,4.50,4.40,4.26,4.21,4.21,4.11,4.07,4.22,4.19,4.34,4.32,4.46,4.43,4.27,4.10,4.01
35,A,C,14.04791239,3.67,4.73,4.73,4.59,4.45,4.40,4.38,4.30,4.29,4.08,3.98,4.08,4.19,4.14,4.32,4.36,4.25,4.15,4.02,4.07
32,A,C,14.04791239,3.76,5.64,5.46,5.28,4.96,4.90,4.78,4.75,4.62,4.46,4.34,4.25,4.21,4.15,4.21,4.10,4.07,4.09,3.94,4.00
2,A,C,14.04791239,3.71,5.34,5.32,5.18,5.02,4.86,4.73,4.59,4.57,4.44,4.28,4.27,4.26,4.13,4.11,4.10,4.08,4.06,4.04,3.93
38,A,C,14.04791239,3.73,5.28,5.19,5.04,5.00,4.88,4.81,4.68,4.55,4.37,4.17,4.16,4.12,4.06,4.15,4.08,4.01,3.99,3.97,3.85
34,A,C,14.04791239,3.81,5.13,5.23,5.05,4.90,4.80,4.59,4.56,4.38,4.26,4.15,4.08,4.07,4.07,4.15,4.08,3.98,3.99,3.95,3.94
32,D,C,14.04791239,3.82,5.54,5.45,5.33,5.09,5.02,5.00,4.96,4.84,4.74,4.71,4.68,4.58,4.50,4.38,4.41,4.47,4.48,4.42,4.45
36,D,C,14.04791239,3.92,5.48,5.35,5.08,4.78,4.70,4.68,4.59,4.63,4.55,4.47,4.41,4.47,4.64,4.71,4.76,4.75,4.68,4.66,4.42
2,D,C,14.04791239,3.76,5.43,5.37,5.20,5.01,4.85,4.78,4.74,4.68,4.61,4.61,4.55,4.49,4.50,4.39,4.46,4.40,4.27,4.29,4.23
38,D,C,14.04791239,3.77,5.27,5.25,5.16,5.02,4.88,4.78,4.76,4.68,4.55,4.46,4.36,4.41,4.42,4.33,4.39,4.40,4.23,4.09,3.76
35,D,C,14.04791239,3.88,5.25,5.16,4.82,4.61,4.53,4.70,4.66,4.64,4.58,4.48,4.41,4.32,4.23,4.23,4.30,4.24,4.20,4.18,4.25
34,D,C,14.04791239,3.84,5.12,5.02,4.83,4.70,4.62,4.42,4.36,4.20,4.15,4.18,4.15,4.11,4.12,4.09,4.22,4.13,4.17,4.07,4.01
32,A,B,14.17659138,3.80,5.58,5.53,5.52,5.42,5.25,5.13,5.02,4.98,4.95,4.92,4.81,4.84,4.72,4.65,4.46,4.44,4.34,4.23,4.18
32,C,B,14.17659138,3.95,5.68,5.67,5.51,5.39,5.35,5.34,5.25,5.23,5.21,5.09,4.96,4.88,4.86,4.74,4.71,4.57,4.67,4.60,4.50
32,D,B,14.17659138,3.74,5.37,5.19,5.23,5.08,4.90,5.06,5.07,5.00,5.05,4.82,4.79,4.73,4.81,4.68,4.73,4.70,4.53,4.61,4.63
32,A,C,14.10814511,3.79,5.77,5.42,5.43,5.13,5.10,4.87,4.94,4.87,4.67,4.68,4.58,4.71,4.77,4.66,4.68,4.71,4.38,4.22,4.08
32,C,C,14.10814511,3.89,5.73,5.65,5.59,5.36,5.38,5.20,5.14,4.92,4.97,4.84,4.79,4.60,4.53,4.66,4.59,4.57,4.50,4.31,4.15
32,D,C,14.10814511,3.82,5.71,5.39,5.14,5.04,4.96,4.82,4.80,4.81,4.76,4.73,4.75,4.73,4.65,4.54,4.44,4.39,4.34,4.37,4.44
32,A,C,15.12388775,3.50,5.61,5.45,5.37,5.25,5.11,5.12,5.06,5.10,5.07,5.03,4.95,4.92,4.83,4.73,4.74,4.69,4.68,4.63,4.46
32,C,C,15.12388775,3.88,5.68,5.61,5.47,5.43,5.37,5.33,5.27,5.18,5.16,5.13,5.09,4.96,4.89,4.95,4.69,4.53,4.38,4.38,4.31
32,D,C,15.12388775,3.59,5.56,5.49,5.32,5.22,5.19,5.21,5.07,5.10,5.09,5.03,4.97,4.94,4.88,4.76,4.71,4.59,4.42,4.27,4.25
32,D,C,13.85626283,3.77,5.49,5.17,5.06,5.01,4.92,4.89,4.90,4.88,4.79,4.79,4.74,4.75,4.74,4.78,4.72,4.62,4.65,4.77,4.49
33,D,C,13.85626283,3.83,5.37,5.23,5.19,4.94,4.82,4.73,4.67,4.53,4.37,4.24,4.15,4.12,4.09,4.12,4.24,4.42,4.48,4.41,4.37
34,D,C,13.85626283,3.86,5.53,5.28,4.97,4.78,4.71,4.65,4.50,4.44,4.24,4.22,4.12,4.22,4.31,4.22,4.33,4.30,4.18,4.19,4.14
32,D,C,15.02532512,3.58,5.21,5.21,4.99,4.89,4.82,4.76,4.65,4.66,4.59,4.50,4.55,4.47,4.42,4.27,4.33,4.39,4.31,4.26,4.15
2,D,C,15.02532512,3.60,5.26,5.19,5.02,4.86,4.83,4.81,4.69,4.60,4.42,4.49,4.39,4.29,4.24,4.16,4.16,4.08,3.99,4.15,4.04
36,D,C,15.02532512,3.78,5.09,4.96,4.85,4.76,4.66,4.64,4.61,4.52,4.49,4.38,4.46,4.27,4.07,3.95,4.03,3.90,4.12,3.95,3.69
39,D,C,15.02532512,3.65,5.02,4.96,4.74,4.55,4.50,4.38,4.15,4.06,3.97,3.90,3.76,3.79,4.10,4.08,3.97,3.82,3.73,3.71,3.73
37,D,C,15.02532512,3.48,4.76,4.68,4.48,4.45,4.42,4.19,3.95,3.75,3.67,3.78,3.83,3.90,3.76,3.78,3.62,3.60,3.48,3.63,3.53
36,D,C,14.91033539,3.68,5.22,5.12,4.88,4.75,4.62,4.57,4.56,4.52,4.49,4.60,4.57,4.46,4.57,4.50,4.51,4.57,4.48,4.41,4.34
32,D,C,14.91033539,3.47,4.84,4.74,4.65,4.56,4.47,4.52,4.47,4.31,4.34,4.35,4.42,4.42,4.36,4.13,4.22,4.30,4.28,4.25,4.26
40,D,C,14.91033539,4.08,5.44,4.93,4.80,4.67,4.33,4.33,4.41,4.28,4.10,3.99,3.93,3.99,4.05,4.08,3.99,4.01,4.06,4.01,3.90
39,D,C,14.91033539,3.59,5.00,4.80,4.53,4.30,4.25,4.17,4.03,4.03,4.04,4.10,3.91,3.88,3.86,3.91,4.04,3.98,3.94,3.93,3.95
41,D,C,14.91033539,3.59,4.68,4.45,4.33,4.19,4.25,4.23,4.20,4.10,4.01,3.85,3.71,3.76,3.78,3.96,3.98,3.77,3.82,3.72,3.49
32,D,B,15.19507187,3.96,5.32,5.73,5.57,5.37,5.23,5.17,5.09,4.99,4.93,4.90,4.87,4.85,4.85,4.84,4.80,4.75,4.69,4.59,4.51
32,D,B,15.19507187,3.79,5.03,5.37,5.26,5.12,5.02,5.01,4.98,4.89,4.80,4.76,4.77,4.75,4.73,4.71,4.69,4.64,4.58,4.56,4.57
32,D,B,15.19507187,3.93,5.16,5.47,5.26,5.04,4.90,4.85,4.80,4.75,4.73,4.73,4.68,4.65,4.70,4.73,4.69,4.60,4.49,4.39,4.34
2,A,B,16.38329911,3.80,4.82,5.05,4.87,4.70,4.55,4.42,4.32,4.30,4.26,4.21,4.19,4.16,4.12,4.11,4.11,4.14,4.11,4.07,4.11
2,A,C,16.07939767,3.72,4.97,5.30,5.02,4.67,4.40,4.24,4.12,4.03,3.97,3.92,3.88,3.85,3.80,3.74,3.71,3.71,3.76,3.93,4.17
2,C,C,16.07939767,3.82,5.06,5.39,5.25,5.10,4.94,4.81,4.73,4.64,4.55,4.55,4.56,4.55,4.55,4.52,4.41,4.32,4.27,4.23,4.21
40,D,C,16.13689254,4.29,5.51,5.80,5.56,5.36,5.25,5.15,5.06,4.99,4.89,4.82,4.77,4.70,4.66,4.65,4.64,4.61,4.59,4.55,4.47
2,D,C,16.13689254,4.05,5.18,5.50,5.39,5.22,5.06,4.97,4.91,4.83,4.78,4.75,4.71,4.67,4.64,4.63,4.68,4.71,4.66,4.56,4.39
39,D,C,16.13689254,4.04,5.15,5.44,5.30,5.15,5.04,4.98,4.93,4.85,4.73,4.59,4.47,4.39,4.36,4.41,4.46,4.43,4.35,4.26,4.18
34,D,C,16.13689254,4.22,5.20,5.46,5.31,5.13,4.99,4.88,4.78,4.72,4.69,4.64,4.59,4.56,4.49,4.37,4.33,4.36,4.37,4.32,4.23
2,D,C,16.7118412,3.82,4.94,5.24,5.11,4.98,4.92,4.86,4.76,4.68,4.62,4.56,4.49,4.41,4.35,4.35,4.36,4.37,4.37,4.31,4.16
2,D,B,16.38329911,3.86,5.11,5.47,5.34,5.20,5.09,4.99,4.88,4.75,4.68,4.64,4.60,4.59,4.60,4.59,4.54,4.48,4.42,4.39,4.35
2,D,B,16.38329911,3.77,4.96,5.28,5.12,4.97,4.89,4.82,4.70,4.59,4.54,4.51,4.47,4.46,4.46,4.47,4.47,4.44,4.38,4.34,4.28
2,A,C,14.10814511,3.83,5.42,5.31,5.25,5.01,4.86,4.75,4.65,4.61,4.58,4.51,4.53,4.48,4.51,4.49,4.52,4.42,4.28,4.10,3.94
2,C,C,14.10814511,3.78,5.37,5.40,5.30,5.07,4.98,4.87,4.81,4.67,4.64,4.67,4.62,4.55,4.50,4.49,4.46,4.55,4.53,4.43,4.41
2,D,C,14.10814511,3.70,5.17,5.05,5.00,4.85,4.82,4.64,4.63,4.56,4.54,4.51,4.42,4.43,4.49,4.48,4.47,4.49,4.40,4.33,4.38
2,C,C,14.10814511,3.72,5.49,5.41,5.16,4.93,4.81,4.81,4.72,4.69,4.62,4.61,4.65,4.53,4.47,4.39,4.35,4.45,4.41,4.44,4.39
2,D,C,14.10814511,3.67,5.33,5.26,5.20,5.01,4.94,4.82,4.73,4.67,4.74,4.69,4.69,4.65,4.63,4.54,4.54,4.53,4.44,4.40,4.41
2,A,C,15.12388775,3.78,5.40,5.28,5.20,5.08,4.97,4.83,4.81,4.74,4.70,4.63,4.52,4.54,4.52,4.55,4.54,4.47,4.35,4.30,4.04
2,C,C,15.12388775,3.51,5.55,5.55,5.45,5.26,5.22,5.10,4.97,4.86,4.89,4.79,4.76,4.68,4.70,4.79,4.71,4.76,4.73,4.74,4.60
2,D,C,15.12388775,3.76,5.48,5.47,5.28,5.19,5.03,4.92,4.95,4.86,4.84,4.74,4.75,4.71,4.70,4.72,4.76,4.84,4.69,4.67,4.54
38,D,C,12.78302533,3.72,5.33,5.29,5.25,4.99,4.87,4.93,4.85,4.76,4.69,4.60,4.47,4.44,4.42,4.52,4.47,4.47,4.38,4.29,4.12
2,D,C,12.78302533,3.66,5.37,5.27,5.15,4.96,4.92,4.77,4.73,4.56,4.57,4.51,4.60,4.49,4.44,4.49,4.42,4.50,4.40,4.52,4.36
42,D,C,12.78302533,3.51,5.16,5.11,4.87,4.74,4.64,4.53,4.42,4.44,4.32,4.22,4.14,4.10,4.11,4.03,4.02,4.08,4.20,4.25,4.30
39,D,C,13.9137577,3.71,5.28,5.22,5.08,4.86,4.71,4.74,4.60,4.57,4.50,4.36,4.29,4.34,4.35,4.25,4.27,4.24,4.14,4.09,4.03
43,D,C,13.9137577,3.48,5.11,5.02,4.94,4.85,4.71,4.57,4.54,4.42,4.34,4.24,4.13,4.05,4.05,3.98,3.95,3.97,3.95,3.91,3.84
2,D,C,13.09240246,3.84,5.41,5.30,5.30,5.07,5.01,4.92,4.84,4.75,4.70,4.62,4.69,4.70,4.77,4.63,4.54,4.61,4.73,4.83,4.77
42,D,C,13.09240246,3.77,5.58,5.52,5.34,5.21,5.11,4.91,4.85,4.77,4.72,4.64,4.67,4.65,4.60,4.57,4.58,4.58,4.62,4.50,4.48
34,D,C,13.09240246,3.94,5.71,5.52,5.26,4.95,4.85,4.85,4.65,4.55,4.49,4.34,4.31,4.52,4.62,4.64,4.59,4.61,4.52,4.48,4.45
33,D,C,13.09240246,3.92,5.70,5.59,5.33,5.14,4.98,4.82,4.76,4.65,4.63,4.54,4.50,4.39,4.47,4.54,4.40,4.46,4.41,4.29,4.22
2,D,C,15.90965092,3.90,5.62,5.46,5.34,5.24,5.09,5.02,4.95,4.92,4.86,4.84,4.91,4.89,4.79,4.70,4.62,4.59,4.57,4.57,4.48
39,D,C,15.90965092,3.85,5.49,5.44,5.17,4.96,4.82,4.73,4.73,4.60,4.51,4.54,4.41,4.29,4.34,4.31,4.33,4.28,4.22,4.10,4.03
44,D,C,15.90965092,3.65,5.33,5.37,5.19,5.04,5.06,4.94,4.91,4.79,4.70,4.59,4.52,4.50,4.44,4.29,4.14,4.16,4.19,4.03,3.88
2,D,B,15.19507187,3.96,5.32,5.73,5.57,5.37,5.23,5.17,5.09,4.99,4.93,4.90,4.87,4.85,4.85,4.84,4.80,4.75,4.69,4.59,4.51
2,D,B,15.19507187,3.84,5.11,5.53,5.46,5.36,5.25,5.15,5.07,4.94,4.82,4.77,4.74,4.70,4.67,4.68,4.70,4.68,4.65,4.62,4.59
2,D,B,15.19507187,3.94,5.16,5.56,5.49,5.34,5.20,5.11,5.01,4.91,4.83,4.77,4.72,4.68,4.66,4.63,4.62,4.61,4.56,4.51,4.48
1,D,C,17.93566051,3.84,5.36,5.18,5.06,4.86,4.79,4.65,4.50,4.43,4.45,4.33,4.32,4.37,4.40,4.26,4.17,4.07,4.06,4.11,4.17
10,D,C,17.93566051,3.76,5.17,5.16,4.97,4.78,4.72,4.70,4.49,4.67,4.60,4.53,4.62,4.60,4.68,4.58,4.45,4.43,4.35,4.37,4.38
28,D,C,17.93566051,3.77,5.19,5.02,4.91,4.82,4.76,4.73,4.64,4.63,4.67,4.71,4.69,4.74,4.76,4.98,4.92,4.84,4.76,4.69,4.57
2,D,C,17.93566051,3.69,5.08,4.92,4.76,4.64,4.43,4.50,4.52,4.32,4.47,4.51,4.46,4.35,4.24,4.26,4.24,4.16,4.26,4.27,4.25
16,D,C,17.93566051,3.70,5.16,5.00,4.85,4.78,4.69,4.73,4.61,4.66,4.67,4.68,4.65,4.57,4.54,4.44,4.36,4.36,4.40,4.32,4.31
29,D,C,17.93566051,3.86,5.52,5.38,5.24,5.18,5.07,5.03,4.99,4.84,4.75,4.84,4.68,4.68,4.59,4.47,4.37,4.27,4.18,4.16,4.14
12,D,C,17.93566051,3.58,5.18,5.15,5.00,4.91,4.82,4.83,4.65,4.63,4.66,4.76,4.74,4.73,4.69,4.62,4.52,4.42,4.40,4.31,4.25
14,D,C,17.93566051,3.71,5.25,5.35,5.07,4.96,4.86,4.79,4.85,4.79,4.83,5.03,5.01,4.96,5.00,4.85,4.69,4.62,4.50,4.32,4.22
1,D,C,18.13278576,4.03,5.61,5.56,5.56,5.19,5.11,5.00,4.89,4.89,4.81,4.64,4.72,4.64,4.64,5.00,4.89,4.89,4.72,4.64,4.56
10,D,C,18.13278576,3.97,5.81,5.69,5.69,5.31,5.22,5.00,5.11,4.89,4.92,4.64,4.72,4.72,4.69,4.72,4.69,4.81,4.64,4.53,4.72
28,D,C,18.13278576,3.94,5.94,5.94,5.81,5.56,5.44,5.31,5.22,5.19,5.08,5.00,5.00,5.00,5.00,5.11,5.11,4.89,4.81,4.64,4.56
2,D,C,18.13278576,3.78,5.75,5.39,5.33,5.19,5.08,5.00,5.00,4.81,4.72,4.61,4.64,4.56,4.64,4.64,4.64,4.61,4.56,4.50,4.42
16,D,C,18.13278576,3.92,5.69,5.56,5.56,5.31,5.19,5.11,5.11,5.00,5.00,4.81,4.81,4.72,4.72,4.81,4.64,4.64,4.56,4.39,4.31
29,D,C,18.13278576,3.94,5.81,5.81,5.69,5.69,5.44,5.31,5.31,5.11,5.19,5.00,5.11,4.81,4.81,4.72,4.64,4.56,4.39,4.31,4.22
12,D,C,18.13278576,3.94,5.69,5.81,5.56,5.56,5.22,5.19,5.00,5.00,4.89,4.81,4.81,4.92,5.00,5.00,4.81,4.81,4.72,4.47,4.31
14,D,C,18.13278576,3.92,5.81,5.69,5.67,5.56,5.31,5.22,5.19,5.00,5.11,5.08,5.00,5.19,5.11,5.31,5.00,5.11,4.89,4.81,4.64
10,D,C,18.21765914,3.72,5.69,5.56,5.42,5.11,5.08,5.11,4.92,5.00,4.81,4.81,4.81,4.89,4.89,5.00,4.89,4.81,5.00,4.89,4.89
1,D,C,18.21765914,3.89,5.67,5.56,5.31,5.33,5.00,4.89,5.00,4.81,4.72,4.64,4.72,4.72,5.11,5.11,5.00,4.89,4.61,4.64,4.64
28,D,C,18.21765914,4.06,5.69,5.81,5.69,5.56,5.44,5.22,5.36,5.11,5.00,5.00,5.11,5.28,5.00,5.00,5.11,5.11,5.00,5.17,4.89
2,D,C,18.21765914,3.78,5.56,5.44,5.22,5.11,4.81,4.72,4.72,4.72,4.61,4.64,4.64,4.72,4.72,4.81,4.72,4.72,4.64,4.64,4.69
16,D,C,18.21765914,3.83,5.56,5.69,5.44,5.33,5.19,5.19,5.11,5.00,4.89,4.89,4.89,4.81,4.81,4.72,4.81,4.72,4.72,4.72,4.56
29,D,C,18.21765914,3.92,5.81,5.81,5.69,5.56,5.56,5.31,5.22,5.11,5.00,4.89,4.81,4.89,4.81,4.64,4.56,4.47,4.47,4.31,4.31
12,D,C,18.21765914,3.89,5.69,5.69,5.56,5.56,5.19,5.22,5.11,5.00,5.00,4.89,4.89,4.89,4.89,4.89,4.81,4.81,4.72,4.69,4.72
14,D,C,18.21765914,3.89,5.56,5.56,5.44,5.44,5.19,5.11,5.11,5.11,5.00,5.11,5.11,5.19,5.19,5.11,5.11,5.11,5.00,5.11,4.89
1,D,C,18.05338809,3.94,5.94,5.94,5.56,5.56,5.19,5.31,5.11,5.00,4.81,4.81,4.69,4.64,4.64,4.72,4.72,4.67,4.67,4.47,4.47
28,D,C,18.05338809,4.03,5.81,5.94,5.81,5.81,5.56,5.56,5.33,5.31,5.22,5.11,5.19,5.11,5.00,4.89,4.81,4.72,4.72,4.64,4.42
2,D,C,18.05338809,3.78,5.44,5.56,5.31,5.11,5.19,5.08,5.00,4.89,4.89,4.72,4.72,4.72,4.64,4.56,4.64,4.64,4.56,4.64,4.56
45,D,C,18.05338809,3.86,5.42,5.56,5.44,5.22,5.11,5.08,5.00,4.89,4.72,4.72,4.72,4.64,4.56,4.56,4.64,4.56,4.53,4.56,4.64
29,D,C,18.05338809,3.92,5.81,5.94,5.81,5.69,5.69,5.44,5.44,5.31,5.22,5.00,4.81,4.89,4.64,4.47,4.47,4.39,4.39,4.31,4.19
14,D,C,18.05338809,3.69,5.08,4.92,4.76,4.64,4.43,4.50,4.52,4.32,4.47,4.51,4.46,4.35,4.24,4.26,4.24,4.16,4.26,4.27,4.25
10,D,C,18.05338809,3.86,5.81,5.83,5.67,5.44,5.31,5.08,5.11,4.89,4.81,4.81,4.81,4.89,4.72,4.64,4.72,4.69,4.64,4.61,4.50
28,A,A,18.35728953,3.84,5.43,5.49,5.34,5.28,5.17,5.10,4.90,4.67,4.71,4.66,4.64,4.66,4.62,4.59,4.56,4.40,4.51,4.42,4.26
28,C,A,18.35728953,3.85,5.62,5.73,5.53,5.37,5.16,5.01,4.92,4.83,4.74,4.75,4.72,4.58,4.63,4.51,4.40,4.36,4.40,4.26,4.13
28,D,A,18.35728953,3.82,5.58,5.60,5.53,5.33,5.27,5.12,5.08,5.01,4.89,4.77,4.82,4.82,4.75,4.84,4.78,4.78,4.75,4.62,4.61
1,A,A,18.35728953,3.83,5.53,5.23,5.22,4.99,4.88,4.71,4.55,4.40,4.39,4.45,4.41,4.38,4.52,4.63,4.56,4.46,4.41,4.28,4.11
1,C,A,18.35728953,3.90,5.68,5.68,5.36,5.18,4.97,4.71,4.63,4.53,4.44,4.31,4.20,4.26,4.25,4.29,4.30,4.44,4.28,4.05,3.99
1,D,A,18.35728953,3.95,5.54,5.43,5.20,5.01,4.84,4.71,4.68,4.62,4.56,4.53,4.45,4.47,4.79,5.06,5.01,4.81,4.69,4.62,4.50
16,A,A,18.40109514,3.83,5.79,5.73,5.63,5.52,5.38,5.33,5.19,5.16,5.06,5.00,4.85,4.85,4.85,4.80,4.85,4.78,4.72,4.69,4.63
16,C,A,18.40109514,3.60,5.38,5.41,5.24,5.08,4.94,4.78,4.72,4.72,4.75,4.66,4.62,4.64,4.66,4.76,4.72,4.68,4.60,4.44,4.40
16,D,A,18.40109514,3.84,5.70,5.58,5.47,5.36,5.25,5.28,5.20,4.99,4.81,4.76,4.72,4.72,4.70,4.68,4.63,4.56,4.58,4.49,4.33
29,A,A,18.40109514,3.95,6.01,6.02,5.79,5.70,5.52,5.34,5.23,5.09,4.88,4.75,4.76,4.74,4.65,4.67,4.55,4.57,4.51,4.28,4.09
29,C,A,18.40109514,3.84,5.59,5.59,5.48,5.28,5.06,4.99,4.91,4.89,4.89,4.74,4.70,4.74,4.67,4.70,4.31,4.40,4.35,4.32,4.15
29,D,A,18.40109514,3.94,5.75,5.78,5.71,5.48,5.37,5.23,5.13,5.06,4.93,4.74,4.68,4.59,4.48,4.34,4.23,4.12,4.05,3.96,3.89
